BusinessTravel,DailyRate,Department,DistanceFromHome,Education,EducationField,EnvironmentSatisfaction,Gender,HourlyRate,JobInvolvement,JobLevel,JobRole,JobSatisfaction,MaritalStatus,MonthlyIncome,MonthlyRate,NumCompaniesWorked,OverTime,PercentSalaryHike,PerformanceRating,RelationshipSatisfaction,StockOptionLevel,TotalWorkingYears,TrainingTimesLastYear,WorkLifeBalance,YearsAtCompany,YearsInCurrentRole,YearsSinceLastPromotion,YearsWithCurrManager,Age_Years,output,flag,username,timestamp
1,799,1.3,9.2,2.9,2.2,2.7,0.6,65.9,2.7,2.1,4.5,2.7,1.1,6502.9,14313.1,2.7,0.3,15.2,3.2,2.7,0.8,11.3,2.8,2.8,7,4.2,2.2,4.1,36.9,,,,2024-07-01 19:43:16.028700
1,799,1.3,9.2,2,2,2.7,'-1,66,1,2.1,6,2.7,1.1,6502.9,14313.1,2.7,0.3,15.2,3.2,2.7,0.8,11.3,2.8,2.8,7,4.2,2.2,4.1,36.9,,,,2024-07-01 19:43:37.973370
1.6,802.5,1.3,9.2,2.9,2.2,2.7,0.6,65.9,2.7,2.1,4.5,2.7,1.1,6502.9,14313.1,2.7,0.3,15.2,3.2,2.7,0.8,11.3,2.8,2.8,7,4.2,2.2,4.1,36.9,,,,2024-07-02 20:28:03.550867
1.6,802.5,1.3,9.2,2.9,2.2,2.7,0.6,65.9,2.7,2.1,4.5,2.7,1.1,6502.9,14313.1,2.7,0.3,15.2,3.2,2.7,0.8,11.3,2.8,2.8,7,4.2,2.2,4.1,36.9,0,,,2024-07-02 20:28:12.565250
1.6,802.5,1.3,9.2,2.9,2.2,2.7,0.6,65.9,2.7,2.1,4.5,2.7,1.1,6502.9,14313.1,2.7,0.3,15.2,3.2,2.7,0.8,11.3,2.8,2.8,7,4.2,2.2,4.1,36.9,0,,,2024-07-02 20:28:15.204262
2,1102,2,1,2,1,2,0,94,3,2,7,4,2,5993,19479,8,1,11,3,1,0,8,0,1,7,6,4,5,41,1,,,2024-07-03 08:02:48.690623
